Filename,Hash
Altaria.jpg,9a800d3f6df1d16a
Articuno.jpg,90d434f3d85b8f23
Blastoise-EX.jpg,a5510bd1dcf4716c
Butterfree.jpg,ce4ac0382db793e3
Caterpie.jpg,bb7ac6da0eb1908c
Charizard-EX.jpg,bb3ba08497f2706c
Charizard.jpg,ea69cb4bcb90b434
Charmander.jpg,fb9cc63287b19146
Charmeleon.jpg,ea69d0b09b978786
Chikorita.jpg,ab58c0f24f8d993c
Clefable.jpg,9adae072b1b5c525
Clefairy.jpg,eac4b133b53c981b
Clemont.jpg,da6a9495c34b9999
Cloyster.jpg,ee61d8988f8fa161
Crushing Hammer.jpg,9a32ccc5497be2a6
Darkness Energy.jpg,bb0ec4b19cc7916c
Dedenne.jpg,b0248b9a5bf23d2d
Diancie.jpg,dac4243bb919ca6e
Diglett.jpg,aa7ec0d1c4629e9e
Dodrio.jpg,bb3b85834af89c2c
Doduo.jpg,ba7fc09048bd97c2
Double Colorless Energy.jpg,ae4ee2b33995909a
Dugtrio.jpg,eb62949c9c599b25
Energy Switch.jpg,db7bc4c43433c3c1
Espurr.jpg,ba058f9aa4b48f4e
Evosoda.jpg,9e66c9c9c666e099
Fairy Energy.jpg,bb1ec6309bc7a498
Fighting Energy.jpg,bb1acc3698c9b4b8
Fire Energy.jpg,bb1ec4369a89b4b8
Flabébé.jpg,bab06a4bcd34f02b
Flareon-EX.jpg,a52dc593123f1e2d
Fletchling.jpg,ab299090dadadb27
Floette.jpg,bf8da972e0f2c20a
Floral Crown.jpg,9f6ecac0b839e14a
Froslass.jpg,ea6396990c7cd916
Gardevoir-EX.jpg,8415677b407f0a77
Gastly.jpg,ea4a95958df8f0b0
Gengar.jpg,fa69c09085bf9d8c
Geodude.jpg,bb56c1d06c729a0f
Golbat.jpg,fa7885878636e46c
Golem-EX.jpg,e16a86953fb91e44
Golem.jpg,ab78d4d0c2c39b8d
Grass Energy.jpg,ba9ecc349ac9b438
Graveler.jpg,bb58c1c4c4b19bcb
Gulpin.jpg,fa91943a4cc09e3f
Gyarados.jpg,be3d87c3c8d8e122
Haunter.jpg,ba3b94d0c4e3839d
Hitmonchan.jpg,af2fc0d0dcb0b135
Hitmonlee.jpg,eb4892b28ce5e366
Imakuni_.jpg,ee6693956a68e191
Jirachi.jpg,ba1f95b5ccc0c0b5
Jolteon-EX.jpg,a13961d14f689fb8
Jynx.jpg,ee4c9c93e1a1969c
Krabby.jpg,be35ce59c894930e
Leafeon-EX.jpg,e66a4798387457c5
Lightning Energy.jpg,b3cccc321ecf303c
M Blastoise-EX.jpg,b43fce1e28c15b4a
M Charizard-EX.jpg,9b691f4c5eecd021
M Gardevoir-EX.jpg,92d250bd3f6f4072
M Venusaur-EX.jpg,923aec9e17c29179
Machamp.jpg,af62c0d9c9a99c3c
Machoke.jpg,fa5ac1d1cce49585
Machop.jpg,eb53b4b05ed8d064
Magikarp.jpg,de3cf1f18196928c
Magmar.jpg,ce0eb4b089f1f0f2
Maintenance.jpg,ce6a9494fc63e1c1
Max Revive.jpg,be78c3c6e64c8989
Meowstic-EX.jpg,e1e017133991de6e
Meowstic.jpg,be1cc0e0695adbc3
Meowth.jpg,eb6b99904e949999
Metal Energy.jpg,fb5ac4b49a85b1b0
Metapod.jpg,ba3ec4c5c1b3f0c4
Mr. Mime.jpg,af85b85ad83ae06a
Ninetales-EX.jpg,81d1d65e5e68d54c
Olympia.jpg,bf7ac0c4c424f4da
Paras.jpg,be3e85d0c0e1d0cf
Parasect.jpg,af2dc1d06a3e9c94
Persian.jpg,eb6b94949cf0c1c5
Pikachu.jpg,becc283ab433d217
Pinsir.jpg,be1c95c1e566d292
Poké Ball.jpg,ee6e9691c1c98d2c
Pokémon Center Lady.jpg,9e66c1c06e3eb591
Pokémon Fan Club.jpg,9e6eccc1e13ab690
Ponyta.jpg,ab9d9332e4d4cc4c
Psychic Energy.jpg,bb1ec4329acdb438
Raichu.jpg,ba6ac197c6f49189
Rapidash.jpg,cb4bc0f0b434978f
Red Card.jpg,bf2ec8c0b537e04a
Revitalizer.jpg,9a704ecfcbf1e060
Rhyhorn.jpg,bf16c1d1f4721c0d
Shauna.jpg,df6ac4c4c169f898
Shellder.jpg,ef2f94d0486ec1c5
Shroomish.jpg,ea5885b29ef69087
Slowpoke.jpg,bac5843b6c90ab6e
Slurpuff.jpg,9b853d7ae8f0e026
Snorlax.jpg,fa5bc4b4613b9384
Snorunt.jpg,cc8c93b3037eb80f
Swablu.jpg,ba328d994fd4912e
Swirlix.jpg,cac43c3ab5b0da5a
Sylveon-EX.jpg,c0ac3cf046c71f3d
Tangela.jpg,ea6086979db5981e
Tauros.jpg,bb3b8594c4e8d9c8
Team Flare Grunt.jpg,bf3bc0c0c46dc9c9
Vaporeon-EX.jpg,e959a690a5bfb10c
Venusaur-EX.jpg,b538c6c25a8c9dcd
Wally.jpg,8e6ac8d5dc3de8c0
Water Energy.jpg,b3cecc309aceb099
Wobbuffet.jpg,b2b1945accb9996c
Yveltal.jpg,fb91a767c458886a
Zapdos.jpg,fa1dd9b21980f474
Zubat.jpg,fa6ec490b5b191c5
